Bundesland,Ladenname,Name Besitzer,Ort,Besonderes,Webseite,OnlineShop,FaceBook,Instagram
Nordrhein-Westfalen,Unverpacktes Glück,Melanie Budde,"Friedrich-Wilhelm-Platz 5-6 (Elisengalerie), Aachen","Der erste Unverpackt-Laden in Aachen, das Sortiment ist breit aufgestellt – von Lebensmitteln, Süßigkeiten bis hin zu Seifen und Waschmitteln.",['www.facebook.com/Unverpacktes-Glück-Tütenlos-in-Aachen'],,,
Nordrhein-Westfalen,Bochum Unverpackt/Bioku,"Stefan Holewa, Steven Braun, Davin und Dustin Lehmann, Theodoros Kudios","Herner Straße 14, Bochum","Der Laden sollte direkt auf dem Campus der Bochumer Ruhr-Universität eröffnen. Das Vorhaben wurde jedoch aufgegeben, jetzt steht das Geschäft in der nördlichen Innenstadt.",['www.bioku.org'],,,
Nordrhein-Westfalen,Unverpackt Detmold,Anna Hammer und Dennis Hamann,"Paulinenstraße 54, Detmold",Eine neue Adresse für Bio-Lebensmittel und Zero-Waste-Zubehör in Detmold.,['unverpacktdetmold.wordpress.com'],,,
Nordrhein-Westfalen,Pur – loses & feines,Cem Erdogdu,"Saarlandstraße 118, Dortmund","Alles ist Bio. Ein Schwerpunkt ist Bio-Feinkost, zum Beispiel gibt es viele getrocknete Früchte im ersten Unverpackt Laden in Dortmund.",['www.pur-bio.de'],,,
Nordrhein-Westfalen,Bio-Provinz,Dimitrij Nikulicev und Orhan Bro,"Herforderstraße 28, Bad Oeyenhausen","Bio-Provinz möchte dich für das Thema Plastikmüll und seine Auswirkungen auf die Umwelt sensibilisieren und dir alternative Wege zeigen und schaffen, wie Du Dich aktiv an einer Lösung der Müllbekämpfung beteiligen kannst.",,,Bio-Provinz,
Nordrhein-Westfalen,Losgelöst – Der Unverpackt-Bioladen,Kathrin Kappelmann & Christian Focke,"Weststraße 54, Bielefeld",,['www.losgeloest-bielefeld.de'],,,
Nordrhein-Westfalen,Freikost Deinet,Hilke Deinet,"Rochusstraße 266, Bonn-Duisdorf","Hilke Deinet arbeiten eng mit Erzeugern aus der Region zusammen, um eine nachhaltige Lebensmittelproduktion vor Ort zu erhalten und die kleinbäuerliche Landwirtschaft zu stärken.",['www.freikost.de'],,,
Nordrhein-Westfalen,Allerlei Verpackungsfrei,Sebastian und Annette Metzgen,"Hochstraße 11, Bottrop",Neben Lebensmitteln und Drogeriebedarf gibt es auch ein eigenes Bistro.,['www.allerlei-verpackungsfrei.de'],,,
Nordrhein-Westfalen,Flinse und Co.,Christina Rau,"Lindenstraße 165, Düsseldorf",Erster Unverpackt-Laden Düsseldorfs. An der Mühlenbar kann das Mehl frisch gemahlen werden.,['www.flinse.co'],,,
Nordrhein-Westfalen,Facebook: Gluecklich Unverpackt,Christiane Teske,"Rosastraße 38, Essen",Regionale Bio-Lebensmittel.,,,,
Nordrhein-Westfalen,Von Grünstadt,Helena Mohr,"Rellinghauserstraße 110, Essen","die Anlaufstelle für Fragen und Antworten rund um ein nachhaltiges, ressourcenschonendes und plastikfreies Leben mit einem großen Sortiment nachhaltiger Haushaltswaren.",['www.vongruenstadt.de'],,,
Nordrhein-Westfalen,Lieber unverpackt,Annett Schendel,"Karlsplatz 20, Krefeld",Im Laden gibt es noch ein Bistro samt leckerem Mittagstisch.,['lieber-unverpackt.de'],,,
Nordrhein-Westfalen,The Good Food,Nicole Klaski,"Venloer Straße 414, Köln","Verkauf von Lebensmitteln, die schon aussortiert wurden nach dem Motto „Zahl, was es Dir wert ist“. Damit ist The Good Food Deutschlands erster „Reste“-Supermarkt.",['www.the-good-food.de'],,,
Nordrhein-Westfalen,Veedelskrämer – Ehrenfeld unverpackt,Ivana und Bettina,"Venloer Straße 270 und Neusser Str. 44, Köln",Jeden Dienstag stellen lokale Hersteller und Händler ihre Produkte vor.,['www.veedelskraemer.de'],,,
Nordrhein-Westfalen,Tante Olga,"Olga, Gregor und Dinah aus Köln. Die Namensgeberin lebt bereits seit drei Jahre müllfrei","Berrenratherstr. 406, Köln-Sülz und Viersener Straße 6, Köln-Nippes","Neben Lebensmitteln, Kosmetik und Haushaltsartikeln gibt es auch ökologisches Büromaterial. Außerdem wird man bei Tante Olga auch Coffee-to-go bekommen: in selbstmitgebrachten Bechern.",['www.tante-olga.de'],,,
Nordrhein-Westfalen,Migori,Filiz Gencer,"Bonner Str. 66, Köln","Erster Unverpackt-Laden in der Kölner Südstadt mit allem, was man für den Alltag braucht.",['www.migori.de'],,,
Nordrhein-Westfalen,Fräulein Jule,Bettina Roth,"Wahlscheider Straße 35, Lohmar","Das Sortiment umfasst nicht nur lose Lebensmittel, sondern auch Drogerieartikel, Haushaltswaren und Geschenke.",['www.fraeulein-jule.de'],,,
Nordrhein-Westfalen,Speisekammer Biohof Brinkmann,Wiebke Brinkmann-Roitsch,"Fröbelstraße 4, Lage","Die Speisekammer vereint einen Unverpackt-Bioladen, Seminare und die Gastronomie im Herzstück des Hofes.",['www.bio-hof-brinkmann.de/cafe'],,,
Nordrhein-Westfalen,Tante Pati,Patrizia Paulus und Timo Schütte,"Neustraße 33b, Moers",Nachhaltige und regionale Produkte für individuelles Einkaufen,['www.tantepati.de'],,,
Nordrhein-Westfalen,Tante LeMi,"Magdalena, Lebensmittelretterin Simone, Oliver und Lars, der sich für alternative Gesellschaftsmodelle interessiert","Gasthausstraße 51, Mönchengladbach",Der Laden ist als gemeinnütziger Verein organisiert. Mitglieder des „Eine Erde e.V.“ können hier vegane und biologische Nahrungs- und Haushaltsmittel kaufen.,['www.tantelemi.wordpress.com'],,,
Nordrhein-Westfalen,Einzelhandel zum Wohlfüllen,Meike Schulzik,"Hammerstraße 52, Münster",Immer wieder werden Workshops und Unverpackt-Seminare angeboten. Neben einem Bistro gibt es im Sommer auch eine Bio-Eis-Theke.,['www.einzelhandel.ms'],,,
Nordrhein-Westfalen,Natürlich Unverpackt,"Diplom Biologin Anja Minhorst, Lisa, Janina und Bäckermeisterin Carolin","Warendorferstraße 63, Münster",Online kann Bio-Fleisch bestellt werden und es gibt eine Vielzahl an Rezeptvorschlägen.,['www.natuerlich-unverpackt.de'],,,
Nordrhein-Westfalen,Kern Idee,Alexandra Feege,"Dörener Weg 72, Paderborn",Das gekaufte Getreide kann man im Laden selbst schroten und mahlen.,['www.kernidee-paderborn.de'],,,
Nordrhein-Westfalen,Füllbar,"Susanna, Lisa, Katharina, Max, Lisa, Julian, Rosa, Jenny und Anna Lena. Ein junges engagiertes umweltbewusstes Team, das hauptsächlich aus Studenten besteht.","Steinstraße 15, Witten",Füllbar bietet nicht nur vegane sondern auch glutenfreie Produkte an. Zudem verschaffen Links und Filme auf der Website Klarheit zum Thema Umweltschutz.,['www.fuellbar-witten.de'],,,
Nordrhein-Westfalen,Frau Lose Dortmund,Hannah Fischer,"Missundestraße 51, Dortmund","Ein Ort zum Verweilen, Genießen und Experimentieren. Sind noch mitten im Planen und Entwickeln – im Finden und Gefunden werden.",['www.frau-lose.de/wordpress'],,,
Nordrhein-Westfalen,Duisburg Unverpackt,Andrea Langwald und Lucas Langwald,"Blumenstraße 4, Duisburg",Erster Unverpackt-Laden in Duisburg. Eröffnet am 13. Juli 2019.,"['www.duisburg-unverpackt.de', 'oder', 'www.facebook.de/duisburgunverpackt']",,,
Nordrhein-Westfalen,Unverpackt Siegen,Siegerländer*innen,"Hauptmarkt 20, Siegen",Ein Laden als Genossenschaft.,['unverpackt-siegen.de'],,,
Nordrhein-Westfalen,Krämerladen Wermelskirchen,Jochen Schmees,"Kölner Str. 46, Wermelskirchen",Erster Unverpackt-Laden im Bergischen Land.,['www.kraemerladen-wk.de'],,,
Nordrhein-Westfalen,Lose und gut,Jennifer Feige-Großkopf,"Europaplatz 22, Bocholt",Erster Unverpackt Laden in Bocholt.,['www.lose-und-gut.de'],,,
Nordrhein-Westfalen,Randvoll – Café & Unverpacktes,Claudia Grawe,"Kaarster Str. 45, Karst",Der erste Unverpackt-Laden im Rhein-Kreis Neuss. Neben Unverpacktem gibt es hier auch ein angeschlossenes Café mit saisonalen Kuchen oder frisch gebackene Waffeln und Müslivariationen zum Frühstück.,['www.randvoll-unverpackt.de'],,,
Nordrhein-Westfalen,Local unverpackt,Norman Schröder und Nils Hermanns,"Lintorfer Str. 27-29, Ratingen","Im Local gib es alles für einen müllfreien Alltag und das überwiegend in Bio-Qualität und fair. Was im Laden nicht zu finden ist, kann auf Anfrage bestellt werden. Nicht verkauftes Obst und Gemüse wird im eigenen Bistro täglich zu vegan/vegetarischen Snacks und Kuchen verarbeitet.",['local-ratingen.de'],,,
Nordrhein-Westfalen,et Bönnsche Lädche,Durziijalbuu Sengee,"Wilhelmsplatz 4, 53111 Bonn",Erster Unverpackt-Laden im Herzen von Bonn. Bioprodukte – viele davon regional. Gemütliches Lädchen mit Charme.,['https://httpwww.lieberunverpackt.de/'],,,
Nordrhein-Westfalen,Einfach Lose,Regina Hopp-Konrad,"Hauptstr. 154, Troisdorf",Erster Unverpackt-Laden in Troisdorf. Regionale Produkte aus nachhaltiger Erzeugung.,['https://www.einfach-lose.de/'],,,
Nordrhein-Westfalen,BÜGGEL-bergisch unverpackt,Stefanie Marx-Bleikertz und Team,"Paffrather Straße 5, 51465 Bergisch Gladbach","Es werden Workshops und Vorträge zum Thema Zero Waste, nachhaltiges Leben und DIY-Themen angeboten. Die Produkte sind in Bioqualität oder regional, Bio-Fleisch kann bestellt werden. Körner werden frisch gemahlen oder geschrotet. Eine kleine Café-Ecke lädt außerdem zum Verweilen ein.",['www.bueggel-unverpackt.de'],,,
Nordrhein-Westfalen,Mit Liebe unverpackt,Sandra Buretschek,"Brüderstraße 49-51, Soest","Erster unverpackt Laden in Soest. Ausgewählte Produkte in hoher Qualität, ressourcenschonend hergestellt und möglichst regional.",['mit-liebe-unverpackt.de'],,,
Nordrhein-Westfalen,UnVerlpackt,Tatjana Bergen-Dobrzykowski,"Thaddäusstraße 66, Verl",Verpackungsfrei einkaufen von Nudeln bis Duschgel zum selbst Abfüllen.,['www.unverlpackt.com'],,,
Nordrhein-Westfalen,Theo Tütenlos,Katharina und Lara Griewel,"Hammer Straße 49, Werl",Umfangreiches Sortiment und Sonderaktionen wie z.B. Kleidertausch oder Umverteilung von Ernteüberschüssen aus dem eigenen Garten.,['www.theo-tuetenlos.de'],,,
Nordrhein-Westfalen,Unverpackt Düsseldorf,"Björn Amend, Eva Wenndorf","Rethelstraße 111, Düsseldorf",Das Angebot enthält etwa 700 Artikel. Davon sind über 97% aus biologischer Herkunft. Vorbestellung mit Abholung im Laden oder per Lieferdienst direkt nach Hause.,['www.unverpacktduesseldorf.de'],,,
Nordrhein-Westfalen,Pure Note,Nubia Osorio Torres,"Brunnenstr. 30, Düsseldorf","Unverpackte Bio-Produkte, Regionales Bio-Obst und Gemüse, eine große Auswahl an Zero Waste Produkten und warme Küche von Montag bis Samstag.",['www.purenote.de'],,,
Nordrhein-Westfalen,kostBAR – unverpackt,Sabrina Dankelmann,"Katharinenstr. 3, Gescher",Der erste Laden in Gescher für verpackungsfreie Lebens- und Gebrauchsmittel inklusive Kafee-Ecke.,['www.kostbar-unverpackt.de'],,,
Nordrhein-Westfalen,Im Körbchen – Unverpackt-Laden Erftstadt,Lisa Korb,"Heidebroichstraße 15, Erftstadt",Erster Unverpackt-Laden in Erftstadt mit kleinem Café.,['www.erftstadt-unverpackt.de'],,,
Nordrhein-Westfalen,Fräulein Unverpackt,Jennifer Giesen,"Kerpener Str. 78, Kerpen",Eröffnet mitten in der Corona-Krise ist Fräulein Unverpackt schon jetzt feste Anlaufstelle für viele Kunden aus der Region.,['www.fraeulein-unverpackt.de'],,,
Nordrhein-Westfalen,Binger ganz unverpackt,Nicole Binger,"Peterstr. 16, Willich","Hier gibt es nicht nur unverpackte Trockenwaren, sondern auch lokales Bio-Gemüse und Bio-Milch aus dem Ort.",['www.binger-ganz-unverpackt.de'],,,
Hessen,Unverpackt Darmstadt,Bettina Will,"Gutenbergstraße 5B, Darmstadt","Ein Drogeriemarkt. Über die klassischen unverpackten Lebensmittel hinaus werden hier auch ein breites Sortiment an Hygiene, Haarpflege und Reinigungsprodukten angeboten.",['www.unverpacktdarmstadt.com'],,,
Hessen,Gramm.genau,"Christine, Franzi, Tamás und Jenny","Adalbertstraße 11, Frankfurt am Main",In Kooperation mit MainGemüse werden über 50 Produkte angeboten. Darüber hinaus gibt es leckeres Mittagessen. Im regionalen Online-Shop kann man sich seine Bestellung bequem und nachhaltig per Lastenrad nach Hause oder an eine Abholstation in der Nähe liefern lassen.,['www.grammgenau.de'],shop.grammgenau.de,,
Hessen,Die Auffüllerei,Christina Schwab und Marlen Richter,"Höhenstraße 40, Frankfurt am Main","Der größte Unverpackt Laden in Frankfurt. Wein und Milchprodukte wie Butter, Joghurt und Käse werden im Pfandglas angeboten.",['www.dieauffuellerei.de'],,,
Hessen,Unverpacktes Gießen,Louisa Willner & Jonas Hey,"Johanette-Lein-Gasse 24, Gießen","Erster Unverpackt Laden in Mittelhessen. Neben dem reichhaltigen Sortiment aus den Spendern kann man Artikel erwerben, die das plastikfreie Leben erleichtern – zum Beispiel Trinkflaschen, Edelstahl-Brotboxen oder Hygieneartikel.",['www.unverpacktes-giessen.de'],,,
Hessen,Unverpackt Lorsch,Sabrina,"Bahnhofstraße 14, Lorsch","Mit nicht einmal 13.000 Einwohnern ist Lorsch eine der kleinsten Städte dieser Liste. Wir freuen uns, dass das Konzept „plastikfreies Einkaufen“ nicht nur etwas für Großstädter ist, sondern wirklich alle!",['www.unverpackt-lorsch.de'],,,
Hessen,Wer Bettina und Wolfgang Meudt,,"Dotzheimer Straße 19, Wiesbaden","Bistro mit wechselnden Mittagsgerichten, die obendrein auch in Mehrwegbehältern mitgenommen werden können. Alles ist Bio!",['www.bio-unverpackt.com'],,,
Hessen,HONIGHALLE,,,,,,,
Hessen,,Julius Schießer/Imkerei Schiesser,"Köpperner Str. 84, Friedrichsdorf",Neben unverpackten Grundnahrungsmitteln gibt es hier vor allem Honig aus der eigenen Imkerei. Für jedes zurückgebrachte Glas werden 6 Cent für die Kultivierung von bienenfreundlichen Wiesen gespendet.,['www.imkerei-schiesser.de'],,,
Hessen,Nachfüllbar,"Franziska Werner, Samira Waldeck","Wilhelmshöher Allee 178,Kassel","Neben Grundnahrungsmitteln werden Produkte für einen plastikfreien Alltag angeboten, wie z.B. Waschmittel und Reiniger zum Nachfüllen, Hautpflege, Glasstrohhalme und Hygieneprodukte. Außerdem kann Getreide oder Kaffee aus der lokalen Rösterei selbst frisch geschrotet oder gemahlen werden. Eine Nuss-Mus-Maschine für frisch gezapftes Mus ist auch im Laden vorhanden.",['www.nachfuellbarkassel.de/'],,,
Hessen,Emmas Unverpacktladen,"Dorothea Hoch, Elisabeth Rammler und Doris Bauer","Luckenberg 1, Fulda","Auf das Wesentliche reduziert, unverpackte Bioprodukte in hoher Qualität.",www.unverpackt-fulda.de/,,,
Hessen,"Körperpflege- und Reinigungsprodukte ohne Silikone, Parabene und Mikroplastik.",Andrea Kersten und Sonja Kirchner-Rohr,"Austrasse 7a, Niedernhausen",Viele Lebensmittel und Dinge des täglichen Bedarfs lose und ohne unnötige Verpackung.,['www.kikes-unverpackt.de/'],,,
Hessen,Die erste Filiale „Ulf am Dom“,Claudia Nauth & Team,"Saalgasse 1, Frankfurt","Unsere Lebensmittel sind biozertifiziert und werden, so weit es möglich ist, von regionalen Herstellern und Herstellerinnen bezogen. Weiterhin gibt es diverse nachhaltige Alltagshelfer und Hygieneprodukte.",['www.unverpackt-laden-frankfurt.de/'],,,
Hessen,Die zweite Filiale „Ulf am Lokalbahnhof“,Claudia Nauth & Team,"Darmstädter Landstraße 44, Frankfurt","Unsere Lebensmittel sind biozertifiziert und werden, so weit es möglich ist, von regionalen Herstellern und Herstellerinnen bezogen. Im Ulf am Lokalbahnhof ist saisonales Obst und Gemüse erhältlich. Weiterhin gibt es diverse nachhaltige Alltagshelfer und Hygieneprodukte.",['www.unverpackt-laden-frankfurt.de/'],,,
Bayern,Facebook: Unverpackt Aschaffenburg,"Markus Dorner, Geschäftsführer","Landingstraße 22, Aschaffenburg","Ein Drogeriemarkt. Über die klassischen unverpackten Lebensmittel hinaus werden hier auch ein breites Sortiment an Hygiene, Haarpflege und Reinigungsprodukten angeboten.",,,,
Bayern,rutaNatur,Ramona Dorner,"Prinzregentenstraße 7, Augsburg",Das Angebot ist vegetarisch und vegan.,['www.rutanatur.de'],,,
Bayern,Unverpackt Bamberg,Alina und Theres,"Luitpoldstraße 36, Bamberg",,['www.unverpackt-bamberg.de'],,,
Bayern,Milchlokal,Karolina Kreuzer,"Vorwaldstrasse 86, Durach","Die Auswahl der Produkte legt großen Wert auf Regionalität, Nachhaltigkeit, Fairness und Transparenz. Das Milchlokal bietet deshalb vollwertige Lebensmittel aus der Region an und verzichtet hierbei auf industriell gefertigte Massenware.",['www.milchlokal.de'],,,
Bayern,NurINpur,"Simon Stapf, Jan Lechky, Andreas Kuhn, Barbara Cremerius","Am Pulverl 13, Ingolstadt","Noch gibt’s nicht viele Infos zu dem Laden, die ersten Lieferanten konnte das Team aber nach eigener Aussage schon gewinnen. Der Laden ist das erste Unverpackt-Geschäft in Ingolstadt.",['www.nurinpur.de'],,,
Bayern,Der Plastikfreie Laden,"Katrin Schüler, Expertin in den Themen Genuss und Nachhaltigkeit und Gründerin der Initiative „Plastikfrei leben“. Ihre Firma Naturlieferant produziert und vertreibt Naturprodukte.","Schloßstraße 7, München","Der Supermarkt bietet einen Online-Shop, Gruppenführungen und Workshops an. Jeden 1. Mittwoch des Monats findet zudem ein Diskussionsabend zum plastikfreien Leben statt.",['www.plastikfreiezone.de'],,,
Bayern,Mutternaturladen München,Christine Kilech,"Grünwalder Straße 244, München Harlaching","Plastikfreier Laden im Tante-Emma-Stil, täglich frisch wechselnder Mittagstisch.",['www.mutternaturladen.de'],,,
Bayern,Ohne,"Hannah Sartin, Carlo Krauß, Christine Traub","Schellingstraße 42, München","Das Gemüse stammt von den Gemüserettern von etepetete und sämtliche Produkte werden bereits verpackungsfrei Geliefert. Alle Waren sind Bio, alle unverpackt und so regional wie möglich. Neben einem Onlinebestellservice gibt es ein Ladenbistro mit Kaffee, Tee und Kaltgetränken.",['www.ohne-laden.de'],,,
Bayern,AuffüllBar,Manuela und Andreas Breu,"Münchener Str. 3, Neuburg/Donau",Neben Lebensmitteln aus der Region und aus biologischem Anbau wird es auch alle weiteren Artikel des täglichen Bedarfs geben.,['www.auffüllbar-neuburg.de'],,,
Bayern,Ohne Umweg,Sarah Eberhardt,"Schäfflesmarkt 1, Nördlingen",Neben dem Lebensmittelladen lässt sich auch eine Tasse Kaffee im dazugehörigen Café genießen.,['www.ohneumweg.com'],,,
Bayern,ZeroHero – Unverpackt Nürnberg,"Thomas Linhardt, gelernter Werbetechniker und Feinkosthändler und Arthur Koenig, der in seiner Freizeit seinen Eigenen Bio-Ackerbau betreibt","Obere Kanalstraße 11a, Nürnberg",ZeroHero ist der erste Unverpackt-Laden in Franken.,['www.facebook.com/unverpacktnuernberg'],,,
Bayern,Tante Emmer – unverpackt,Carola Böhm,"Grabengasse 23, Passau","Der Unverpackt-Laden im Herzen der Passauer Altstadt bietet neben Lebensmitteln für den täglichen Bedarf (frisches Obst und Gemüse, Brot, Milchprodukte) ein gut ausgewähltes Sortiment an unverpackten Lebensmitteln an – fast alles bio und wenn möglich regional! Außerdem gibt’s Hygieneprodukte und Kosmetikartikel – natürlich auch unverpackt.",['tante-emmer.com'],,,
Bayern,Füllgut – Die Mehrwegerei,"Die Französin Nathalie, Manuela, Vera, die seit Jahren versucht verpackungsfrei zu leben und Kulturliebhaber Markus","Obere Bachgasse 18, Regensburg",Regelmäßige Workshops und Seminare zum Thema Nachhaltigkeit.,www.füllgut-regensburg.de,,,
Bayern,Nimm’s Lose,Christian Stibane und seiner Frau,"Gillitzerstraße 4, Rosenheim","Eine ökologische, regional-bezogene Alternative zum klassischen Supermarkt.",['www.nimmslose.bio'],,,
Bayern,Klare Kante,André Wieland,"Hauptstraße 22, Weißenhorn",Neben dem Laden in Weißenhorn soll in 2019 auch ein Laden im nahen Ulm eröffnen.,['klarekanteunverpackt.de'],,,
Bayern,Würzburg Unverpackt,Susanne Waldmann,"Sanderstraße 5, Würzburg",Der erste Verpackungfreie Supermarkt in Würzburg.,['www.wuerzburg-unverpackt.de'],,,
Bayern,Kauf’s ohne // Burghausen,Lea Stankowiak,"Berliner Platz 1, Burghausen","Der Fokus des Sortiments liegt auf Lebensmitteln, aber auch plastikfreie Pflegeprodukte wie Zahnpasta oder Toilettenpapier sind im Angebot. Milchprodukte werden im Glaspfandsystem angeboten.",,,,www.instagram.com/kaufs_ohne/
Bayern,Ohnverpackt.,Martina und Bernd Steuer,"Obermarkt 29, Wolfratshausen",Bio-zertifizierter Laden mit mehr als 99 % der Produkte in Bio-Qualität. Darüber hinaus soll das Angebot möglichst von regionalen Produzenten kommen.,['https://ohnverpackt.de/'],,,
Bayern,Freivon – Der Unverpacktladen,"Denise Fischer, Tobias Kleinöder, Klaus Bönisch","Hans-Sachs-Gasse 9, Nürnberg","Im Herzen der Nürnberger Altstadt mit einer großen Auswahl an regionalen, fairen und auch veganen Lebensmitteln in Bioqualität. Der Café-Bereich lädt zu einer Tasse Kaffee und einem Stück Kuchen ein.",['www.freivonladen.de'],,,
Bayern,einfach leben,Julia Mill,"Hinterdorf 8, Frammersberg","Bei der Auswahl des Sortiments wird nicht nur auf wenig Verpackungsmüll wert gelegt, sondern auch auf kurze Wege, fairen Handel, Bio- und vegane Produkte. Um das Erkennen bestimmter Produkte zu erleichtern, sind sie im Laden mit Symbolen markiert.",['www.einfachleben-unverpackt.de'],,,
Bayern,Viertelkultur e.V.,Adela Zivakovic und Dorothea Wölfel (Vorstand),"Sedanstraße 2, Würzburg","Der Verein hat ein Viersäulen-Konzept auf Basis der Nachfrage im Stadtviertel entwickelt. Das gemeinsame Vereinsziel ist eine liebevolle Anlaufstelle für Gemeinschaft, Kultur und Nachhaltigkeit bestehend aus dem Viertel-Café, einem Laden mit verpackungsfreien und saisonalen Waren, Kulturveranstaltungen und Gemeinschaftsarbeit.",['viertelkultur.de'],,,
Bayern,Bioladen Lebenskunst,Kathi Zanker,"Rindermarkt 11, Freising","Vollstortiment aus unverpackten, regionalen Bio-Lebensmitteln und Naturkosmetik zum Abfüllen.",['bioladen-lebenskunst.de'],,,
Bayern,Fräulein Lose,Lisa Kronpass,"Rindermarkt 11, Freising",Konditoreimeisterin Lisa Kronpass bietet in der kleinen Café-Ecke ihres Unverpacktladens auch selbstgebackenen Kuchen und andere leckere Gebäcke an.,['www.fraeuleinlose.de'],,,
Bayern,Alge Unverpackt,Daniela Arlt und Andrea Lechner,Admiral-Hipper-Straße 7,"Erster verpackungsfreier Bio-Markt im Weilheimer Zentrum mit integriertem Bistro, das ein veganes Speisenangebot frei von Zucker, Tofu, Zusatzstoffen und Geschmacksverstärkern bietet.",['www.alge.de/unverpackt-weilheim'],,,
Bayern,kleegrün – Unverpackt in Fürth,Claudia Schlagenhaufer und Claus Bierling,"Königstraße 44, Fürth",Vegetarisches und veganes Bio-Vollsortiment. Brot und andere Produkte werden gezielt aus kleinen Manufakturen bezogen.,['www.kleegruen.com'],,,
Bayern,Genussfüllerei,Johanna und Laura,"Dr-Boecale-Straße 10, Parsberg","Eine der Inhaberinnen ist gelernte Konditorin, deshalb gibt es auch selbstgebackenes in einem kleinen Kaffeebereich.",['www.genussfüllerei-parsberg.de/'],,,
Berlin,Der Sache wegen,Christiane Sieg,"Lychener Straße 47, Berlin","Das Konzept ist eine Mischung aus verschiedenen Einzelhandelskonzepten wie Unverpackt-Laden, Biomarkt, regionaler Wochenmarkt und Weltladen. Hinzu kommt der Anspruch auf Plastik und Palmöl zu verzichten.",['www.der-sache-wegen.de'],,,
Berlin,Original unverpackt,Milena Glimbovski und Sara Wolf,"Wiener Straße 16, Berlin und Großbeerenstraße 27A, 10965 Berlin",Mit über 80.000 Fans bei Facebook sind die Berliner am bekanntesten. Zudem werden Seminare zur Gründung eigener Zero-Waste-Stores angeboten.,['www.original-unverpackt.de'],,,
Berlin,Frea GmbH,David Johannes Suchy,"Kleine Hamburger Straße 2, Berlin",Frea ist gleichzeitig ein veganes Zero-Waste-Restaurant.,['www.frea.de'],,,
Baden-Württemberg,AnNa Unverpackt,Angela Beyl & Nathalie Alméras,"Hauptstraße 16, Besigheim","Der Laden soll gleichzeitig Veranstaltungs- und Begegnungsort sein, weswegen es einen Mittagstisch, Kaffee, Tee und Gebäck geben wird.",['www.anna-unverpackt.de'],,,
Baden-Württemberg,Unverpackt,"Antonia Wucknitz, gelernte Groß- und Außenhandelskauffrau","Badener-Tor-Straße 13-15, Ettlingen",Zweiter Standort von „Unverpackt“ aus Karlsruhe. Beteiligt sich ebenfalls an der Initiative „Refill“.,['www.unverpackt.de'],,,
Baden-Württemberg,Glaskiste – Natürlich Unverpackt,"Religionspädagoge und Pfadfinder Adrian Dell’Aquilla, Veganerin Lisa Schairer, Krankenpfleger Björn Zacharias und Mechaniker Martin Philipp","Moltkestraße 15, Freiburg im Breisgau","Glaskiste ist ganzheitlich nachhaltig: Strom, Betriebsmittel und auch die Einrichtung sind möglichst umweltfreundlich.",['www.glaskiste-unverpackt.de'],,,
Baden-Württemberg,Annas Unverpacktes,Anna Wahala,"Ladenburger Str. 37, Heidelberg",Bio-Lebensmittel und verschiedene Haushaltswaren-Basics aus nachhaltiger Produktion.,['www.annas-unverpacktes.de'],,,
Baden-Württemberg,Unverpackt,"Antonia Wucknitz, gelernte Groß- und Außenhandelskauffrau","Bahnhofplatz 8, Karlsruhe",Kostenloser Befüllservice und zum entspannten Einkaufen gibt es kostenlos Wasser und Tee.,['www.unverpackt.de'],,,
Baden-Württemberg,Unverpackt Konstanz,Sladja Peereboomg,"Fürstenbergstraße 93, Konstanz",,['https://www.facebook.com/UnverpacktKonstanz'],,,
Baden-Württemberg,Lädle im Riegenhof,Doris Braun,"Riegenhof 4, Mainhardt",Der Hofladen eines demeter-Hofes mit Holzofenbäckerei und eigenem Rindfleisch. Die Grundnahrungsmittel sind wie zu Omas Zeiten im Krämerladen unverpackt.,['www.biolaedle.de'],,,
Baden-Württemberg,Eddie’s – Verpackungsfrei einkaufen,Eduard Justus,"Seckenheimer Str. 21, Mannheim",,['unverpacktmannheim.wordpress.com'],,,
Baden-Württemberg,Heimatliebe unverpackt,Simone Keller,"Hauptstraße 3-5, Markdorf",Immer Donnerstags gibt es selbstgebackenes Bauernbrot,['www.heimatliebe-unverpackt.de'],,,
Baden-Württemberg,Wohlgefühl – plastikfrei & unverpackt,Alicia Dannecker,"Untere Breite Str. 23, Ravensburg",,['www.wohlgefuehl-unverpackt.de'],,,
Baden-Württemberg,Fridi Unverpackt,"Lina und Hanna, vetreten durch Johanna Meyerding und Jochen Fritz","Weibermarkt 3, Reutlingen","Es soll sowohl trockene Lebensmittel von A bis Z als auch Käse und Non-Food wie Hygine-, Reinigungsartikel und Kosmetik geben. In einer DIY-Ecke könnten sich auch hilfreiche Produkte Angebote zum selbst herstellen von alltäglich benötigten Produkten finden lassen.",['www.fridiunverpackt.de'],,,
Baden-Württemberg,Regional und unverpackt,"Stefanie Adler, Fitnessfachwirtin und Ernährungsberaterin und Ingrid Kerschbaum","Kalter Markt 12, Schwäbisch Gmünd","Der Laden hat eine Eigenmarke namens „ruu“, die Hygieneprodukte umfasst.",['www.regional-und-unverpackt.de'],,,
Baden-Württemberg,Schüttgut Stuttgart,"Jens-Peter Wedlich, gelernter Groß- und Außenhandelskaufmann, dem Umwelt am Herzen liegt: So ist er bei Greenpeace Stuttgart aktiv","Vogelsangstraße 51, Stuttgart",Der Gründer möchte alte Obst-und Gemüsesorten und nachhaltige Produktion ohne Bio-Siegel fördern.,['www.schuettgut-stuttgart.de'],,,
Baden-Württemberg,Speicher umgedacht Tübingen,Caner Ortanca,"Beim Nonnenhaus 3, Tübingen","Neben dem eigentlichen Laden ist ein Bistro zum „Speicher“ hinzugestoßen. Es ist ein ganzheitlicher Ansatz, weshalb die Kunden nun auch Pflegeprodukte und wiederverwendbare Behälter im Angebot finden.",['speicher-tuebingen.de'],,,
Baden-Württemberg,Tante Lose,"Claudia Bürger, Ulrike Guler, Uli Hülsse-Hartmann, Christine Lechelt","Paradiesstraße 9, Wangen",Erster Unverpackt-Laden in Wangen.,['www.tantelose.de'],,,
Baden-Württemberg,Connis Käsemanufaktur – Unverpackter Hofladen,Cornelia Reich,"Edelmännischer Trollenberg 1, Loßburg 24-Höfe",Ein Bioland Hofladen mit Milchprodukten aus der eigenen Käserei und einer Auswahl weiterer unverpackter Produkte.,['www.connis-kaesemanufaktur.de'],,,
Baden-Württemberg,herzlich Unverpackt,Singener*innen,"Herz-Jesu-Platz 3, Singen","Der Laden wird durch eine Genossenschaft geführt. Das Team lädt jeden dazu ein, Mitglied der Gemeinschaft zu werden. Verkauft werden im Laden alle Dinge, die für das tägliche Zero-Waste-Leben benötigt werden.",['herzlich-unverpackt.de'],,,
Baden-Württemberg,einMACHGLAS,"Genossenschaft; im Laden: Carmen Blust, Martina Banayi-Wenk und Mandana Massumi","Am Marktplatz 19, Offenburg","Über 700 Genossenschaftsmitglieder. Großes Sortiment an Lebensmitteln, Drogerieartikeln, regionalen Backwaren und Non-Food-Prdukten.",['https://einmachglas-offenburg.de/'],,,
Baden-Württemberg,FÜLLSTATION Biberach,Michaela Heizmann,"Pfluggasse 3/1, Biberach an der Riß","Unverpackt Laden und Café. Die Produkte sind regional, saisonal, ökologisch und nachhaltig.",['www.unverpackt-wiedergruen.de/'],,,
Baden-Württemberg,Ganz ohne,Melanie Kupi,"Stuttgarter Straße 2, Herrenberg",Erster Unverpackt-Laden in Herrenberg.,['www.ganz-ohne.de/'],,,
Bremen,SelFair,Wirtschaftspsychologe Selcuk Demirkapi,"Vor dem Steintor 189, Bremen",Selcuk bietet unter anderem seine „100 gesündesten Lebensmittel“ an und möchte mit Infotafeln zu den Produkten seinen Kunden Wissen über ihr Essen vermitteln.,['www.facebook.com/selfairbremen'],,,
Bremen,L’Epicerie Bio,Myriam Carneva,"Rückertstraße 1, Bremen",Erster Unverpackt-Laden in der Bremer Neustadt – mit gemütlicher Coffee-Corner.,['www.facebook.com/EpicerieBioUnverpacktBremen'],,,
Bremen,Glückswinkel,Anne Bink und Fiona Brinker,"Bürgermeister-Smidt-Straße 196, Bremerhaven",Anlaufstelle für Zero Waste Bedarf und Bremerhavens erster Unverpacktladen. Ein liebevoll eingerichtetes Lädchen lädt zum Stöbern ein. Der Onlineshop macht den Unverpackt-Einkauf aber auch bequem von zu Hause möglich.,['www.deinglueckswinkel.de'],,,
Niedersachsen,Wunderbar Unverpackt,Denise Gunkelmann und ihr junges Team,"Fallersleber Straße 36, Braunschweig","Hier finden sich nicht nur Pestos, Aufstriche und Backmischungen in der Flasche sondern auch Geschirrspülmittel, Putz- und Reinigungsmittel.",['www.wunderbar-unverpackt.de'],,,
Niedersachsen,AbfüllBar Wendland,Hendrik Möllmann und Maria Seyer,"Franz-Lübeck-Straße 12, Dannenberg","Es soll kein einzelner Unverpackt-Laden werden, sondern bestehende Strukturen nutzen, um dezentral über das ganze Wendland verteilt mehrere Möglichkeiten zu verpackungsfreiem Einkaufen zu schaffen.",['www.abfuellbar-wendland.de'],,,
Niedersachsen,Wunderbar unverpackt Göttingen,Denise Gunkelmann,"Groner-Tor-Straße 22, Göttingen",Wunderbar unverpackt hat bereits seit 2016 eine Filiale in Braunschweig.,['wunderbar-unverpackt.de/wunderbar-unverpackt-goettingen'],,,
Niedersachsen,LoLa – der LoseLaden,Tischlermeister Michael Albert und sein Team,"Stephansplatz 13, Teichstraße 1, und Lister Meile 64, Hannover",In den herkömmlichen Bulk-Bins aus Plastik sieht Albert einen Widerspruch zum plastikfreien Konzept und stellt deswegen seine eigenen Lebensmittelspender aus Edelstahl und Glas her.,['www.lola-hannover.de'],,,
Niedersachsen,Plietsch Unverpackt,Lisa Heldt und Henrik Siepelmeyer,"Sülztorstraße 18, Lüneburg (im Edeka Neukauf Bergmann)","Der „Laden“ ist direkt in einem örtlichen Edeka untergebracht, anfangs nur als eigene Unverpackt-Abteilung. Die Macher haben für dieses Konzept eine eigene Beratungsgesellschaft gegründet und achten darauf, dass gerade am Anfang immer ein Ansprechpartner in der Nähe ist.",['www.plietsch-unverpackt.de'],,,
Niedersachsen,Veggiemaid am Damm,Stefanie Coors,"Damm 34, Oldenburg",Jeden Samstag gibt es ein kleines Frühstücksbuffet.,['veggiemaidamdamm.de'],,,
Niedersachsen,Tara – Unverpackt Genießen,Sarah und Franziska,"Wittekindplatz 4, Osnabrück","Ein Bistro, in dem es Mittags von 12 bis 14 Uhr täglich wechselnde vegetarische und vegane Mahlzeiten gibt.",['www.tara-unverpackt.de'],,,
Niedersachsen,Lingen-Unverpackt,"Teresa Metz-Meuter, Dayana Metz, Sandra Reichenberger","Kirchstr. 2, Lingen (Ems)",Genossenschaftlicher Unverpacktladen. Jede*r ist eingeladen beizutreten.,['www.lingen-unverpackt.de'],,,
Niedersachsen,Grammliebe,Beate Schneider,"Kurzer Hagen 21, Hildesheim",Erster Unverpackt-Laden in Hildesheim. Umfangreiches Sortiment von A wie AgarAgar bis Z wie Zahnbürsten.,['https://grammliebe.de/'],,,
Sachsen,Peace Food Chemnitz,Dr. Ina M.-Hoyer,"Würzburger Straße 33, Chemnitz","Unverpackt Laden und Café mit Frühstück, Mittagstisch und dem laut Selbstwerbung „besten veganen Kuchen“ der Stadt.",['www.peacefood-chemnitz.de'],,,
Sachsen,Lose Dresden,Berit Heller,"Böhmische Straße 14, Dresden","Dieser Einkaufsladen setzt auf nachhaltigen Konsum. Er ist selbsterbaut, die Geräte wurden größtenteils gebraucht erworben und es wird versucht ausschließlich regionale Lebensmittel zu verkaufen. Eine kleine Pause lässt es sich gut in der Kafeeecke genießen.",['www.lose-dresden.de'],,,
Sachsen,Emma’s Tante – Unverpackte Naturalien,Susanne May-Werner,"Jakobstraße 40, Görlitz","Ganz alleine einen Unverpackt-Laden zu planen, aufzubauen und zu führen und das alles im Alter von 36 Jahren ohne Crowdfunding: Hut ab! Bis jetzt ist dies der einzige Unverpackten Laden in Görlitz.",,,www.facebook.com/emmastanteunverpackt,
Sachsen,Einfach unverpackt,"Pierre Mischke, gelernter Koch und Christin Neubert, Einzelhandelskauffrau mit Marketingvorkenntnissen","Kochstraße 6 und Könneritzstraße 95, Leipzig",Über das Lebensmittelangebot hinaus werden auch Kochtipps für die dort zu kaufenden Produkte bereitstellen. Eine zweite Filiale ist in Planung und soll im Sommer 2019 in Schleußig eröffnen.,['www.einfach-unverpackt.de'],,,
Sachsen,Natürlich & Unverpackt,Jenny Lerchenmüller,"Poststraße 1, Werdau",Neben dem normalen Sortiment gibt es auch Zero-Waste Geschenke wie Holzspielzeug und Edelstahlbrotdosen.,['www.facebook.com/Lieber-unverpackt-1740050029593565'],,,
Sachsen,Lieber lose,"Franziska Frank, Florian Wüstneck, Anna Hack und Jule Bergmann",Leipzig Plagwitz,"Die Macher*innen wollen vor allem Lebensmittel und Drogeriewaren verkaufen, „die üblicherweise sehr viel Verpackungsmüll erzeugen“.",['www.facebook.com/lieberlose'],,,
Sachsen,Besonderes: Wir bieten ein breites Sortiment von Lebensmitteln über Hygiene bis zu Non-Food-Artikeln an. Im Innenstadtbereich beliefern wir einmal pro Woche mit dem Lastenrad.,Michael Karl,"Innere Schneeberger Str.12, Zwickau",,['www.unverpackt-zwickau.de'],,,
Schleswig-Holstein,Freihandel,Karen Dohm und Anja Rolf,"Rathausmarkt 2, Eckernförde","Der Laden befindet sich rückwärtig zum Marktplatz, ist quasi ein „Hofladen“ mit Garten. Den wird „Freihandel“ als Naturgarten erblühen lassen. Außerdem wollen sie die Ware in eigens konstruierten plastikfreien Spendern anbieten.",['frei-handel.de'],,,
Schleswig-Holstein,Unverpackt Lübeck,Wiebke Euler,"Fleischhauerstraße 38, Lübeck",Der einzig verpackungsfreie Eikaufsladen in Lübeck.,['www.unverpackt-luebeck.de'],,,
Schleswig-Holstein,"Unverpackt – lose, nachhaltig, gut",Marie Delaperrière,"Kronshagener Weg 10, Kiel","Sie waren die Ersten in Deutschland. Waren, die sich dem Mindesthaltbarkeitsdatum nähern, werden an Partner mit Foodsharing in Kiel gegeben. Das Beratungsangebot richtet sich an Existenzgründer oder existierende Lebensmittelläden, die einen Teil ihres Sortiments auf unverpackte Waren umstellen möchten.",['www.unverpackt-kiel.de'],,,
Hamburg,Bio.Lose,Moritz und Marc,"Osterstraße 81, Hamburg","Dieser Laden verzichtet nicht nur auf Verpackungen, sondern bietet auch eine große Auswahl an regionalen Bio-Produkten an. Wer möchte wird dazu auch gerne beraten.",['www.biolose.de'],,,
Hamburg,Stückgut – Unverpackt einkaufen,"Insa, Christiane, Dominik und Sonja. Ein gemischter Haufen, mit Erfahrungen in Politik, Hotelfach, Wissenschaft, Logistik und Unternehmertum.","Am Felde 91, Hamburg und Rindermarkthalle","Im Sinne des Umweltschutzes werden hier durch Kooperationen mit lokalen Repaircafés Lesungen, Vorträge und Filmvorführungen angeboten.",['www.stueckgut-hamburg.de'],,,
Hamburg,Wohlempfinden Pur,Sabrina Seewald,"Ludwigstraße 10, Hamburg","Unverpackte Kräuter, Gewürze und Öle die auch über den Onlineshop bestellt werden können. DIY-Workshops laden zudem Kunden zu neuen Erfahrungen ein.",['www.wohlempfindenpur.de'],,,
Hamburg,Twelve Monkeys,Sandra Neumeier,"Hopfenstraße 15b, Hamburg (St. Pauli)","Es gibt auch Tiernahrung und eine Infoecke. Außerdem werden monatlich wechselnd soziale Projekte aus den Bereichen Tierrechte, Umwelt, Antirassismus, Feminismus, usw. unterstützt.",['www.twelvemonkeys.de'],,,
Hamburg,Ohne Gedöns,Peymaneh Nottbohm und Maren Schöning,"Kattjahren 1c, 22359 Hamburg-Volksdorf","Es gibt einen Packservice, ein Café, Probiertage, Produkt-Patenschaften und viele andere, regelmäßige und unregelmäßige Goodies und Veranstaltungen. Außerdem: Jeden Mittwoch und Samstag findet direkt vor dem Laden ein Wochenmarkt mit überwiegend Bio Produkten statt.",['www.ohnegedoenshamburg.de'],,,
Hamburg,"Wer:Malte Urban, Nadine Rybaczyk, Ute Volkert",,"Steilshooper Straße 41, Hamburg","Alle haltbaren Lebensmittel wie Reis, Nudeln, Hülsenfrüchte, diverse Müslisorten, Kaffee, Tee, Gewürze, Süßigkeiten, Backzutaten, Mehl, Getreide usw., bis hin zu vielen Nonfood-Artikeln aus den Bereichen Bad, Küche, Haushalt und für unterwegs. Ein Café soll ebenfalls entstehen.",,,,
Hamburg,Seppels Laden,Sebastian Männel,"Bramfelder Dorfplatz 4D (BraDo-Passage), Hamburg","Lebensmittel, Kosmetik und Waren des täglichen Gebrauchs, die nachhaltig erzeugt, natürlich und weitestgehend unverpackt sind sowie fast ausschließlich von Bio-Lieferanten bezogen werden. Ein weiterer wichtiger Bestandteil des Konzeptes sind Seminare mit Themen wie z.B. ZeroWaste oder Minimalismus für Privatpersonen.",['www.seppels-laden.de'],,,
Hamburg,Loses Mundwerk,Dorit Hinrichsen,"Am Rissener Bahnhof 15, Hamburg","Der Laden bietet dem Hamburger Westen ein Angebot an verpackungsfreien Bio-Lebensmitteln, Naturkosmetik und Reinigungsmitteln und legt dabei auch Wert auf Nachhaltigkeit in anderen Bereichen: Hier wird auf umweltfreundliche Produkte und ein soziales Miteinander gesetzt.",['www.losesmundwerk.de'],,,
Thüringen,Jeninchen – Fröhlich Unverpackt Einkaufen,Die promovierte Lebensmittelchemikerin Kati Fröhlich,"Sophienstrasse 37-39, Jena",Es sind Workshops zur Müllvermeidung und gesunden Ernährung geplant.,['www.unverpackt-jena.de'],,,
Thüringen,Rheinland Pfalz,,,,,,,
Thüringen,Unverpackt Kaiserslautern,Alexandra Moser,"Mannheimer Straße 12, Kaiserslautern","Im Unverpackt-Laden Kaiserslautern können Lebensmittel ohne unnötige Plastikverpackungen und in der gewünschten Menge eingekauft werden. Das Konzept soll dazu anregen, den eigenen Konsum zu hinterfragen.",['www.unverpackt-kaiserslautern.de'],,,
Thüringen,Gutes unverpackt,Judith Vogt,"Raiffeisenstraße 8, Kirchberg","Der Laden nimmt an der Aktion Plant for the Planet teil, wodurch die Kunden beim Einkaufen dazu beitragen, dass junge Bäume gepflanzt werden.",,,www.facebook.com/unverpacktkirchberg/,
Thüringen,Unverpackt Landau,Heicke Mack,"Kronstraße 34, Landau","Ein komplett biologisches Sortiment, mit dem Ziel Einwegverpackungen zu vermeiden un die Umwelt zu schützen.",['www.unverpackt-landau.de'],,,
Thüringen,Unverpackt Mainz,"Majid Hamdaoui, der seit 2012 einen weiteren nachhaltigen Laden „Brotposten“ führt. Dieser vertreibt Backwaren vom Vortag und rettet sie vor der Entsorgung.","Kurfürstenstraße 19, Mainz",Es werden DIY-Workshops veranstaltet und Seminare für angehende Gründer von plastikfreien Läden angeboten.,['www.unverpackt-mainz.de'],,,
Thüringen,Unverpackt Trier,"Stephanie Lampe und Sebastian Würth, eine Berlinerin und ein Saarländer","Paulinstraße 65, Trier","Es gibt die Möglichkeit, die Sachen in kleinen Mengen zum kostenlosen Probieren abzufüllen.",['www.unverpackt-trier.de'],,,
Thüringen,foi. – Feines unverpackt,"Mara Theisen, Stephanie Selig",Neustadt an der Weinstraße,"Ein Unverpackt Laden mit integriertem Café, das hausgemachte vegane Kuchenspezialitäten und allerlei Heißgetränke anbietet.",['unverpackt-neustadt.de'],,facebook.com/foifeinesunverpackt/,instagram.com/unverpackt_neustadt
Thüringen,Unverpackt Bad Kreuznach,"Anika Kolb, Carmen Schön, Svenja Hechtelberger","Zimmergasse 4, Bad Kreuznach",Online-Shop mit Packservice bei anschließender Abholung im Laden und kostenloses WLAN.,['unverpackt-badkreuznach.de'],,,
Thüringen,FüllMal,Jessica Thijs,"Auf Wochenmärkten in der Eifel und in Dörfern, die keinen Supermarkt mehr haben",Der erste mobile Unverpackt Laden Deutschlands. Unverpacktes und Regionales auf den Wochenmärkten in der Eifel.,['fuellmal.de'],,,
Thüringen,Ellas Dubbes,Ella Kindsvater,"Herrnsheimer Hauptstr. 62a, Worms","Unverpackt-Laden, Schneiderei und Erwerbsgärtnerei in einem Geschäft.",['ellas-dubbes.de'],,,
Thüringen,Lotte & Klara – regional und unverpackt (Alte Pferdemetzgerei Rekiz e. V.),"Ina Scholz, Katharina Kalla, Maike Ackermann","Herrnsheimer Hauptstr. 62a, Worms",Unverpackt-Laden plus Kunst-und Kulturveranstaltungen.,['alte-pferdemetzgerei.de'],,,
Thüringen,Kaufladen Speyer,Luise Sobetzko und Sophie Etzkorn,"Große Greifengasse 1, Speyer","Über 300 unverpackte, biozertifizierte und regionale Produkte, eine Kaffeemühle für frisch gemahlenen Kaffee und die Kaufladen-Kiste: müllfreier Lieferservice in den eigenen Behältern.",['www.kaufladen-speyer.de'],,,
Thüringen,Sachsen Anhalt,,,,,,,
Thüringen,HiesigLecker,Doreen Kühne,"Goethestrasse 1, Magdeburg","Alle Produkte stammen aus einem Umkreis von 120 Kilometern – auch das Wild. Das bieten die Macher ganz bewusst an, da ihrer Erfahrung nach die „Produktionsbedinungen“ des Fleichs deutlich besser sind als bei Zuchttieren.",['www.hiesiglecker.com'],,,
Thüringen,Frau Ernas loser LebensMittelPunkt,Sarah Werner & Team,"Arndtstr. 38, Magdeburg","Neben Lebensmitteln soll es auch Produkte des täglichen Bedarfs geben, alles sowohl in bio- als auch konventionell. Dazu gibt’s allerlei Zubehör rund um verpackungsfreies Einkaufen.",['www.frauernas.de'],,,
Thüringen,E-Mail: info@nelumbo-kosmetik.de,Daniela Gummelt,"Bittkauer Weg 15, Parey",Nelumbo Kosmetik stellt Naturkosmetik und Seifen aus Bio-Rohstoffen her. Die Produkte werden in wiederverwendbare Gläser abgefüllt oder sind lose erhältlich.,,,,
Brandenburg,MaßVoll einkaufen unverpackt,Carolin Schönborn,"Zeppelinstraße 1, Potsdam",Erster verpackungsfreier Lebensmittelladen in Potsdam.,['www.facebook.com/MaßVoll-einkaufen-unverpackt-1060164730789948'],,,
Brandenburg,kathi&käthe – fairverpackt,Kathi und Käthe,"Garnstr. 20, Potsdam Babelsberg","Angeschlossenes Café in schöner Atmosphäre mit zuckerfreien, veganen und glutenfreien Leckereien. Zusätzlich zum Ladenverkauf sollen noch Workshops und Veranstaltungen angeboten werden.",['www.fairverpackt-babelsberg.de'],,,
Brandenburg,Maiko Unverpackt,Maia Kubis,"Bahnhofstraße 87, Falkensee","Bieten nicht nur Lebensmittel an, sondern haben auch eine Drogerieabteilung. Das gesamte Sortiment ist bio und vegan, sowie zum großen Teil auch regional. Veganes Essen und selbstgemachte Rohkost-Torten und -Kuchen gibt es im dazugehörigen Café Maiko.",['www.maiko-unverpackt.de/'],,,
Brandenburg,Tante Emma Unverpackt,Elena Thayenthal,"Präsidentenstraße 54, Neuruppin",Unverpacktladen mit eigener Schokoladenmanufaktur. Seit 2020 gibt es außerdem einen Online-Shop.,['www.tante-emma-unverpackt.de'],,,
Mecklenburg-Vorpommern,Müritz Unverpackt,Annett Freese,"Straße des Friedens 50, Röbel/Müritz",Röbel/Müritz ist wohl die kleinste Stadt mit einem Unverpackt-Laden. Gerade einmal 5000 Einwohner zählt die Stadt in Mecklenburg-Vorpommern.,['www.facebook.com/mueritz.unverpackt.de'],,,
Mecklenburg-Vorpommern,Green Goldi,"Nadja Reinecke, Janina Goldschmidt","Am Vögenteich 25a, Rostock",Es gibt ein umfangreiches Angebot an unverpackten Lebensmitteln und einen Vorbestellservice – Die bestellte Ware wird gepackt und muss nur noch im Laden abgeholt und bezahlt werden.,['greengoldi-unverpackt.de'],,,
Saarland,Unverpackt Saarbrücken,Birgit Klöber,"Bruchwiesenstraße 6, Saarbrücken",,['www.unverpackt-saarbruecken.de'],,,
Saarland,Online,,,,,,,
Saarland,Tante Minna Zero Waste,Heike Drätz-Rieder,online,"Ein Unverpackt-Online-Shop, der seine Waren direkt von Herstellern ohne Kunstoffverpackungen bezieht und diese so an seine Kunden weitergibt. Außerdem werden die Verpackungsmaterialien mehrfach benutzt.",['tante-minna-zerowaste.de'],,,
Saarland,ultra-green.de,Alina Berdecio,online,"Der Shop spezialisiert sich zunächst vor allem auf Hygiene- und Körperpflegeprodukte, die plastikfrei verpackt und versandt werden.",['www.ultra-green.de'],,,
Saarland,Kornkiste,"Absalom Aufdemkampe, Olivia Keussen",online,Online-Handel für Bio-Lebensmittel im Mehrweg-System: Bei der ersten Bestellung wird eine pauschale Kaution für alle Mehrwegverpackungen und Versand-Boxen erhoben.,['www.unverpackt-versand.de'],,,
Saarland,Unverpackt für alle,Leonhard Kruck,"online und in über 300 Läden in Deutschland. Davon viele regionale Hofläden und unabhängige Biomärkte. Das Besondere: Bio-Lebensmittel in Mehrweg-Gläsern, die als Leergut immer wieder ins System zurückgeführt werden.",,['www.unverpackt-fuer-alle.de'],,,
Saarland,Fandli,Tim Wehrmeyer,Online-Lieferservice in Pfandgläsern. Kostenlose Lieferung ab 25 €.,,['www.fandli.de'],,,
Nordrhein-Westfalen,Mit Liebe unverpackt,Sandra Buretschek,"Brüderstraße 49-51, Soest","Erster unverpackt Laden in Soest. Ausgewählte Produkte in hoher Qualität, ressourcenschonend hergestellt und möglichst regional.",['mit-liebe-unverpackt.de'],,,
Nordrhein-Westfalen,UnVerlpackt,Tatjana Bergen-Dobrzykowski,"Thaddäusstraße 66, Verl",Verpackungsfrei einkaufen von Nudeln bis Duschgel zum selbst Abfüllen.,['www.unverlpackt.com'],,,
Nordrhein-Westfalen,Theo Tütenlos,Katharina und Lara Griewel,"Hammer Straße 49, Werl",Umfangreiches Sortiment und Sonderaktionen wie z.B. Kleidertausch oder Umverteilung von Ernteüberschüssen aus dem eigenen Garten.,['www.theo-tuetenlos.de'],,,
Nordrhein-Westfalen,Unverpackt Düsseldorf,"Björn Amend, Eva Wenndorf","Rethelstraße 111, Düsseldorf",Das Angebot enthält etwa 700 Artikel. Davon sind über 97% aus biologischer Herkunft. Vorbestellung mit Abholung im Laden oder per Lieferdienst direkt nach Hause.,['www.unverpacktduesseldorf.de'],,,
Nordrhein-Westfalen,Pure Note,Nubia Osorio Torres,"Brunnenstr. 30, Düsseldorf","Unverpackte Bio-Produkte, Regionales Bio-Obst und Gemüse, eine große Auswahl an Zero Waste Produkten und warme Küche von Montag bis Samstag.",['www.purenote.de'],,,
Nordrhein-Westfalen,kostBAR – unverpackt,Sabrina Dankelmann,"Katharinenstr. 3, Gescher",Der erste Laden in Gescher für verpackungsfreie Lebens- und Gebrauchsmittel inklusive Kafee-Ecke.,['www.kostbar-unverpackt.de'],,,
Nordrhein-Westfalen,Im Körbchen – Unverpackt-Laden Erftstadt,Lisa Korb,"Heidebroichstraße 15, Erftstadt",Erster Unverpackt-Laden in Erftstadt mit kleinem Café.,['www.erftstadt-unverpackt.de'],,,
Nordrhein-Westfalen,Fräulein Unverpackt,Jennifer Giesen,"Kerpener Str. 78, Kerpen",Eröffnet mitten in der Corona-Krise ist Fräulein Unverpackt schon jetzt feste Anlaufstelle für viele Kunden aus der Region.,['www.fraeulein-unverpackt.de'],,,
Nordrhein-Westfalen,Zollstock unverpackt,"Jana Nehrlich, Torsten Neuß, Michaela Matern","Höninger Weg 177, Köln","Ein großes Sortiment, u.a. während der Corona-Pandemie Desinfektionsmittel hergestellt im Viertel, zugehöriges Café 100m weiter.",['www.varme.de/'],,,
Nordrhein-Westfalen,Zollstock unverpackt,"Jana Nehrlich, Torsten Neuß, Michaela Matern","Höninger Weg 177, Köln","Ein großes Sortiment, u.a. während der Corona-Pandemie Desinfektionsmittel hergestellt im Viertel, zugehöriges Café 100m weiter.",['www.varme.de/'],,,
Bayern,Öke Möke,Carina Kosmowski,"Köln-Berliner Straße 23, Dortmund","Neben den gängigen trockenen Lebensmitteln, Drogerieartikeln und Zero/Less Waste-Zubehör, bieten wir frische Waren wie Obst und Gemüse sowie Käse und Brot an. Unser Highlight im Laden ist die Milchtankstelle, die regelmäßig von einem Milchhof aus Waltrop mit frischer Milch beliefert wird.",['www.unkompliziert-unverpackt.de/'],,,
Bayern,UFG – unverpackt.fair.gemeinsam,Unterföhring Miteinand eG,"Am Bahnhof, 85774 Unterföhring","Ein Unverpackt-Laden inklusive einem kleinen, aber feinen Gastronomiebereich: Wir achten sowohl im Laden als auch im Café darauf, dass alle unsere Waren möglichst regional, ökologisch und fair produziert oder verarbeitet werden. Außerdem möchten wir einen Ort der Begegnung schaffen, wo sich Bürger:innen aller Altersklassen austauschen können.",['www.unterfoehring-miteinand.de/'],,,
Bayern,Facebook: UFG – Unverpackt,"Sabine Riesch (Geschäftsführung), genossenschaftliche Mitglieder","Hindenburgstr. 11, Bad Tölz",Ein genossenschaftlich geführter Laden mit angeschlossenem Bistro und Mittagstisch.,['www.ois-ohne.de/'],,,
Berlin,Ois Ohne,Steffen Lippert und Sybille Benke,"Bölschestraße 120, Berlin",Es werden nur Lebensmittel aus kontrolliert biologischem Anbau nach Bioland und Demeter-Standards geführt. Außerdem gibt es frische Molkereiprodukte vom Demeter Hof Stolze Kuh in Lunow-Stolzenhagen.,['unverpackt-berlin.com'],,,
Berlin,Unverpackt Berlin,Florian Remmler,"Düsseldorfer Str. 12, Berlin","Faire, regionale und unverpacktes Produktsortiment. Der Laden soll außerdem einen Treffpunkt für jeglichen Austausch und eine andere Konsumkultur darstellen.",['fair-unverpackt.de'],,,
Berlin,Fair unverpackt,Florian Remmler,"Düsseldorfer Str. 12, Berlin","Faire, regionale und unverpacktes Produktsortiment. Der Laden soll außerdem einen Treffpunkt für jeglichen Austausch und eine andere Konsumkultur darstellen.",['fair-unverpackt.de'],,,
Sachsen,Herbie unverpackt,Veronika Drefke und Kristin Zettl,"Josephinenstraße 12, Leipzig",Ökologische und regional hergestellte Produkte. Außerdem gibt es ein kleines Café direkt im Laden.,['www.herbie-unverpackt.de'],,,
Sachsen,Locker und Lose,Veronika Drefke und Kristin Zettl,"Josephinenstraße 12, Leipzig",Ökologische und regional hergestellte Produkte. Außerdem gibt es ein kleines Café direkt im Laden.,['www.locker-lose.de'],,,
Sachsen,Quäntchen,Sven Wruck,"Oschatzer Str. 16-18, Dresden","Lebensmittel, Haushalts- und Hygieneartikel ohne Plastik drin und drum herum.",['www.quaentchen-dresden.de'],,,
Schleswig-Holstein,Mr.Cornfill – unverpackt Zwickau,Michael Karl,"Innere Schneeberger Str.12, Zwickau",Wir bieten ein breites Sortiment von Lebensmitteln über Hygiene bis zu Non-Food-Artikeln an. Im Innenstadtbereich beliefern wir einmal pro Woche mit dem Lastenrad.,['www.unverpackt-zwickau.de'],,,
Schleswig-Holstein,Heider Naturkost,Pascal Hagenmüller,"Süderstraße 81, Harrislee","Eine moderne Ladengestaltung, Onlineshop mit Lieferung sowie regionale Produkte in Bio-Qualität.",['hygge-unverpackt.de'],,,
